title,exercise_path
60° Incline Bench Press (Dumbbells),/exercise/1464
90/90 Hip Rotation,/exercise/1442
90/90 Hip Rotations with Hand Support,/exercise/1441
Abdominal and Hip Flexors Stretch,/exercise/6
Abdominal Bracing,/exercise/632
Abdominal Crunches (Bodyweight),/exercise/7
Abdominal Crunches (Machine),/exercise/9
Abdominal Crunches (Resistance Band),/exercise/10
Abdominal Crunches (Stability Ball),/exercise/800
Abdominal Crunches (Weight Plate),/exercise/8
Abdominal Crunches Straight Legs (Weight Plate),/exercise/11
Abdominal Stretch,/exercise/14
Abdominal Twist,/exercise/15
Adaptive Muscle-up (Rings),/exercise/1221
Adaptive Muscle-up 2 (Rings),/exercise/1222
Alternate Wave Squat (Battle Rope),/exercise/793
Alternate-leg Bounding,/exercise/740
Alternating Bicep Curl (Dumbbell),/exercise/1472
Alternating Shoulder Press (Kettlebell),/exercise/1200
Alternating Stair Jump,/exercise/1420
Alternating Toe Touch,/exercise/1327
Alternating V Up,/exercise/1299
Alternating Wave (Battle Rope),/exercise/787
Alternating Wave with Lunge (Battle Rope),/exercise/796
Alternating Wave with Side Lunge (Battle Rope),/exercise/794
Anderson Back Squat,/exercise/1043
Anderson Front Squat,/exercise/1040
"Anterior Deltoid , Pectoralis and Biceps Brachii Stretch",/exercise/19
Anterior Shoulder & Chest Stretch on a Wall,/exercise/223
Anterior Shoulder & Chest Stretch on the Floor,/exercise/423
Anterior Shoulder & Chest Stretch Using a Bar,/exercise/225
Anti-rotation Reverse Lunge (Cable),/exercise/1191
Anti-rotational Supine Bicycle,/exercise/1136
Archer Bodyweight Row (Bar),/exercise/1329
Archer Pull-up (Bodyweight),/exercise/677
Archer Push-up,/exercise/670
Archer Push-up (Parallettes),/exercise/979
Archer Squat,/exercise/927
Army Combat Fitness Test,/exercise/893
Arnold Press (Dumbbell),/exercise/1012
Assault Bike,/exercise/1482
Assisted Chest Dips (Machine),/exercise/1473
Assisted Cossack Squat,/exercise/962
Assisted Front Lever (Resistance Band),/exercise/1330
Assisted Handstand Push-up (Box),/exercise/1268
Assisted Handstand Push-up (Straps),/exercise/153
Assisted One-arm Pull-up,/exercise/1022
Assisted Pistol Squat Bottom Hold,/exercise/1387
Assisted Planche (Resistance Band),/exercise/1331
Assisted Pull-up (Box),/exercise/456
Assisted Shrimp Squat (Straps),/exercise/29
Australian Pull-up,/exercise/871
Back Extension (Bodyweight),/exercise/27
Back Extension (Roman Chair),/exercise/28
Back Extensions (Stability Ball),/exercise/853
Back Lever,/exercise/844
Back Row (Straps),/exercise/186
Backward Sled Drag,/exercise/1037
Balance Lunge with Hop (Straps),/exercise/30
Band Assisted Pistol Squat,/exercise/1386
Banded Ankle Mobility (Resistance Band),/exercise/896
Banded Bridge,/exercise/964
Banded Deadlift,/exercise/965
Banded Single Leg Hip Thrust,/exercise/1197
Batwing Hold,/exercise/1036
Bear Crawl,/exercise/1305
Behind the Neck Shoulder Press (Bar),/exercise/299
Behind-the-Back Curl (Cable),/exercise/1461
Behind-the-Back One-Arm Curl (Cable),/exercise/1163
Bench Fly (Cable),/exercise/87
Bench Glute Bridge (Dumbbell),/exercise/835
Bench Press (Barbell),/exercise/86
Bench Press (Dumbbell),/exercise/88
Bench Press (Smith Machine),/exercise/1451
Bent Arm Frog Stand,/exercise/1049
Bent Leg Hip Extension (Bodyweight ),/exercise/137
Bent Leg Roll-up,/exercise/1048
Bent-over High Row (Resistance Band),/exercise/782
Bent-over Rear Row (Smith Machine),/exercise/1449
Bent-over Row (Barbell),/exercise/1033
Bent-over Row (Kettlebell),/exercise/470
Bent-over Row (Long Bar),/exercise/682
Bent-over Row (Sandbag),/exercise/936
Bent-over Row (Smith Machine),/exercise/1450
Bicep Curl (EZ Bar),/exercise/34
Bicep Curl (Rings),/exercise/1224
Biceps Curl with Hip Abduction (Resistance Band),/exercise/778
Biceps Curls (Dumbbell),/exercise/36
Biceps Curls (High Pulley),/exercise/37
Biceps Curls (Low Pulley),/exercise/38
Biceps Curls (Machine),/exercise/40
Biceps Curls (Straps),/exercise/41
Biceps Curls (Variations),/exercise/33
Bicycles Crunches,/exercise/1306
Bird Dog,/exercise/413
Bottoms Up (Kettlebell Carry),/exercise/1230
Box Marches,/exercise/745
Box Pistol Squat,/exercise/1384
Brachioradialis stretch,/exercise/42
Breakdancer Kick,/exercise/1307
Bridge (Bodyweight),/exercise/45
"Bridge and Hip Abductions (Stability Ball, Resistance Band)",/exercise/43
Bridge Stretch,/exercise/44
Bridge with Bicep Curl (Stability Ball),/exercise/662
"Bridge with Front Raise (Stability Ball, Dumbbell)",/exercise/665
Bridge with Lateral Raise (Resistance Band),/exercise/623
Bridge with Triceps Extensions (Stability Ball),/exercise/694
Bulgarian Split Squat (Bodyweight),/exercise/314
Bulgarian Split Squat (Straps),/exercise/315
Bulgarian Split Squat with Medial Band Pull,/exercise/1251
Burpee (Bodyweight),/exercise/434
Burpee Broad Jump,/exercise/1422
Butterfly Crunches,/exercise/1308
Butterfly Pull-up,/exercise/1020
Butterfly Sit-up,/exercise/1309
Butterfly Sit-up (Ab Pad),/exercise/1338
Candlestick Roll,/exercise/816
Cat Cow Stretch,/exercise/1295
Chair Push-up,/exercise/250
Chair Squat,/exercise/903
Chest Dips,/exercise/1455
Chest Fly (Straps),/exercise/50
Chest Fly Press (Dumbbell),/exercise/1462
"Chest Fly, Offset Stance (Straps)",/exercise/51
"Chest Fly, Single-leg Flexed (Straps)",/exercise/52
"Chest Press (BOSU Dome Up, Dumbbell)",/exercise/830
Chest Press (Double Straps),/exercise/347
Chest Press (Kettlebell),/exercise/811
Chest Press (Machine),/exercise/54
Chest Press (Resistance Band),/exercise/279
Chest Press (Stability Ball),/exercise/774
Chest Press (Straps),/exercise/53
Chest Press Single-arm (Straps),/exercise/59
Chest Press Single-leg Abducted (Straps),/exercise/60
Chest Press with Rotation (Cable),/exercise/525
"Chest Press, Advanced (Straps)",/exercise/56
"Chest Press, Single-leg Extended (Straps)",/exercise/61
Chest Supported Front Raise (Dumbbell),/exercise/1267
Chest Supported Front Raises (2 Dumbbells),/exercise/1266
Chin Biceps Curls (Bodyweight),/exercise/35
Chop (Cable),/exercise/543
Clean (Barbell),/exercise/95
Clean (sandbag),/exercise/917
Clean and Jerk (Kettlebell) 3,/exercise/502
"Clean and Jerk, GS (Kettlebell)",/exercise/500
Clean and Split Jerk (Barbell),/exercise/1478
Close Grip Australian Pull-up,/exercise/876
Close Grip Bench Press (Barbell),/exercise/55
Close Grip Floor Press (Kettlebell),/exercise/812
Close Grip Lat Pull-down (Machine),/exercise/1181
Close Grip Overhead Press,/exercise/1000
Close Grip Push-up (Bodyweight),/exercise/245
Commando Pull-Up (Mixed Grip Pull-Up),/exercise/26
Concentration Curls (Dumbbell),/exercise/64
Concentration Curls (Resistance Band),/exercise/65
Consecutive Broad Jumps,/exercise/739
Contralateral Load Reverse Lunge (Sandbag),/exercise/930
Contralateral Load Split Squat (Sandbag),/exercise/1252
Copenhagen Hip Adduction,/exercise/1054
Core Rolling (Stability Ball),/exercise/1045
Correcting the SLDL Deadlift with Mike Boyle,/exercise/597
Cossack Squat,/exercise/898
Crab Walk,/exercise/1310
Cross Body Shoulder Stretch,/exercise/79
Cross Walk (Kettlebell),/exercise/1231
Crossing Balance Lunge (Straps),/exercise/69
Crossover Fly (Cable),/exercise/70
Crossover Push-up (Medicine Ball),/exercise/551
Crossover Step-up,/exercise/1153
Crunch with Hip Flexion,/exercise/575
"Crunch, Hands (Straps)",/exercise/71
Curtsy Lunge,/exercise/1445
Cyclist Front Squat (Barbell),/exercise/1009
Cyclist Goblet Squat (Kettlebell),/exercise/1008
Cyclist Squat (Barbell),/exercise/1010
Dead Bug (Sandbag),/exercise/933
Dead Hangs,/exercise/1362
Deadlift (Barbell),/exercise/72
Decline Bench Press (Dumbbell),/exercise/75
Decline Bench Press(Barbell),/exercise/74
Decline Crunches (Machine),/exercise/77
Decline Crunches (Weight Plate),/exercise/76
Decline Flys (Cable),/exercise/46
Decline Sit-up,/exercise/600
Deep Full Squat (Barbell),/exercise/322
Deep Squat with Spinal Flexion Stretch,/exercise/1365
Deficit Bulgarian Split Squat,/exercise/718
Deficit Bulgarian Split Squat (Kettlebell),/exercise/1205
Deficit Bulgarian Split Squat (Sandbag),/exercise/908
Depth Jump,/exercise/724
Depth Jumps Into Hurdle Jump,/exercise/742
Diagonal Chop and Lift (Medicine Ball),/exercise/505
Diagonal Lifting (Cable),/exercise/576
Diamond Push-up (Bodyweight),/exercise/675
Dip Triceps (Machine),/exercise/80
Dips,/exercise/377
Dips (Parallettes),/exercise/983
Dips (Rings),/exercise/1219
Donkey kick (Resistance Band on foot),/exercise/140
Donkey Kick (Resistance Band),/exercise/1170
Double Kettlebell Deadlift,/exercise/1201
Double Unders,/exercise/806
Double Wave (Battle Rope),/exercise/599
Dowel Pullover,/exercise/1410
Downward-Facing Dog (Adho Mukha Svanasana),/exercise/81
Drag Curl (Barbell),/exercise/967
Drag Curl (Dumbbell),/exercise/968
Dragon Flag,/exercise/817
Dynamic Mobility Mountain Climber,/exercise/1312
Dynamic Tuck Front Lever,/exercise/1368
Eccentric Biceps Curl (Resistance Band),/exercise/711
Eccentric Handstand Push-up (Parallettes),/exercise/1375
Eccentric High Biceps Curls (Resistance Band),/exercise/611
Eccentric Muscle-up,/exercise/1320
Eccentric Pull-up,/exercise/1234
Eccentric Push-up,/exercise/1337
Eccentric Triceps Dips,/exercise/1340
Eccentric Triceps Extension (Resistance Band),/exercise/610
Elbow Bird Dog Plank,/exercise/836
Elbow Plank,/exercise/1218
Elbow Plank (BOSU Dome Down),/exercise/826
Elbows Plank Variation (Stability Ball),/exercise/648
Elevated 90/90 Hip Rotation,/exercise/1443
Elevated Pike Push-up,/exercise/998
Elevated Push-up,/exercise/1171
Elevated Side Plank with Hip Adduction,/exercise/1039
Exercises for Knee Pain,/exercise/825
Extended Elbow Plank,/exercise/1388
Face Pulls with External Rotation (Cable),/exercise/1166
Face The Wall Squat,/exercise/1419
Farmer's Walk (Loaded Carries),/exercise/845
Feet Raised Hip Thrust,/exercise/1148
Fire Hydrant,/exercise/1137
Fire Hydrants (Resistance Band),/exercise/1167
Fly (Dumbbell),/exercise/91
Focused Thoracic Extension (Foam Roller),/exercise/1296
Foot Arch Exercise (Resistance Band),/exercise/700
Foot Evertors Peroneus Stretch,/exercise/427
Forward Bend Lat Stretch,/exercise/422
Forward Bend Shoulder Shrugs (Cable),/exercise/1437
Forward Bend Shoulder Shrugs (Dumbbells),/exercise/1438
Forward Leaning Seated Hip Abduction (Machine),/exercise/1454
Forward Sled Drag,/exercise/1235
Forward Step Down Test (FSD),/exercise/1050
Frankenstein Walk,/exercise/1360
Freestanding Handstand Push-up,/exercise/1314
Freestanding Kipping Handstand Push-up,/exercise/1318
Frenchy Pull-up,/exercise/1019
Frog Hip Thrust,/exercise/1147
Front Carry (Double Kettlebell),/exercise/1232
Front Jump (Box),/exercise/720
Front Lat Pulldown (Plate-loaded),/exercise/1466
Front Lever,/exercise/589
Front Loaded Reverse Lunge,/exercise/717
Front Lunge (Barbell),/exercise/1211
Front Plank to Side Plank,/exercise/1236
Front Raise (Cable),/exercise/92
Front Raise (Dumbbell),/exercise/93
Front Raise (Plate),/exercise/1418
Front Reaching Lunge (Kettlebell),/exercise/493
Front Slide Plank (Fit Skate),/exercise/630
Front Squat (Barbell),/exercise/94
Front Squat (Sandbag),/exercise/901
Front Squat Arms Crossed,/exercise/1465
Front Squat Isometric Hold,/exercise/961
Full Plank (BOSU Dome Down),/exercise/827
Full Squat (Sandbag),/exercise/922
Gastrocnemius & Soleus Stretch (Stairs),/exercise/18
"Gastrocnemius, Soleus and Gluteus Maximus Stretch",/exercise/97
Glute Bridge (Dumbbell),/exercise/1250
Glute Kick Back Plank (Stability Ball),/exercise/638
Gluteus Maximus Release (Foam Roller),/exercise/688
"Gluteus Maximus, Cross Fiber Release (Foam Roller)",/exercise/687
Gluteus Medius Wall Press,/exercise/804
Goblet Forward Lunge (Kettlebell),/exercise/1199
Goblet Lateral Lunge (Kettlebell),/exercise/905
Goblet Lateral Split Squat,/exercise/925
Goblet Lunge (Kettlebell),/exercise/870
Goblet Reverse Lunge (Dumbbell),/exercise/867
Goblet Slider Lunge (Dumbbell),/exercise/865
Goblet Slider Lunge (Kettlebell),/exercise/866
Goblet Squat (BOSU Dome Down),/exercise/834
Goblet Squat (Dumbbell),/exercise/441
Good Morning (Kettlebell),/exercise/488
Good Morning Bent Knee (Sandbag),/exercise/909
Good Morning Bent Legs (Barbell),/exercise/103
Good Morning Hip Hinge and Lunge (Barbell),/exercise/764
Good Morning Hip Hinge and Lunge (kettlebell),/exercise/763
Good Morning Straight Legs (Barbell),/exercise/104
Grappler's Throw (Battle Rope),/exercise/795
Hack Squat (Machine),/exercise/1447
Half Kneeling Arnold Press (Dumbbell),/exercise/1253
Half Kneeling Chop (Cable),/exercise/1026
Half Kneeling Landmine Press,/exercise/759
Half Kneeling Shoulder Press,/exercise/1007
Half Kneeling Unilateral Shoulder Press (Kettlebell),/exercise/1254
Half Moon Pose (Ardha Chandrasana),/exercise/799
Half Standing Forward Bend (Ardha Uttanasana),/exercise/837
Half-Kneeling Single-Arm Row (cable),/exercise/1463
Hammer Curl (Cable),/exercise/1164
Hammer Curls (Dumbbell),/exercise/105
Hammer Wide Grip Pull-up,/exercise/1184
Hamstring and Calf Stretch,/exercise/106
Hamstring and Low Back stretch,/exercise/107
Hamstring Release (Foam Roller),/exercise/1285
Hamstring Stretch,/exercise/108
"Hamstring, Calf and Latissimus Stretch",/exercise/1185
"Hamstring, Obliques and Latissimus Stretch",/exercise/418
Hand Release Burpee (Bodyweight),/exercise/1313
Hand Release Push-up,/exercise/897
Hands Plank (Straps),/exercise/238
Handstand,/exercise/798
Handstand Push-up (Bodyweight),/exercise/591
Handstand Push-up Facing a Wall,/exercise/1377
Hang Clean (Barbell),/exercise/111
Hang Power Clean (Barbell),/exercise/112
Hanging Abdominal Reverse Curl,/exercise/1237
Hanging Hip Flexion (Bodyweight),/exercise/697
Hanging Hollow Hold,/exercise/1238
Hanging Knee Raise from 90 Degrees,/exercise/1193
"Hanging Leg Raise with PPT, Knees to Chest",/exercise/114
Hanging Pelvic Tilt,/exercise/1192
Hanging Posterior Pelvic Tilt (Captain's Chair),/exercise/115
"Hanging PPT, Straight Legs",/exercise/116
Hanging Windshield Wiper,/exercise/820
Happy Baby Pose,/exercise/690
Heel Hook,/exercise/842
Heel Slide,/exercise/410
High Back Row (Straps),/exercise/117
High Biceps Curls (Resistance Band),/exercise/118
High Knee Running,/exercise/1315
High Pulley Overhead Triceps Extension,/exercise/1239
High Row (Cable Bar),/exercise/526
High-Low Plank,/exercise/1354
Hindu Push-up,/exercise/987
Hindu Push-up Narrow Grip,/exercise/988
Hip Abduction with Lateral Raise (Resistance Band),/exercise/781
Hip Abductors Stretch,/exercise/126
Hip Adduction with Internal Rotation (Stability ball),/exercise/789
Hip Adductors and Hamstrings Stretch,/exercise/425
"Hip Adductors Stretch, Lunge",/exercise/129
"Hip Adductors Stretch, Sitting",/exercise/130
"Hip adductors stretch, standing (side-lunge)",/exercise/131
Hip Assisted Planche (Resistance Band),/exercise/1332
Hip Extension (Bodyweight),/exercise/132
Hip Extension (Machine),/exercise/134
Hip Extension (Resistance Band),/exercise/135
Hip Extension (Roman Chair),/exercise/136
"Hip Extension, Back Kicks (Cable)",/exercise/138
Hip External Rotation Muscles Stretch,/exercise/100
Hip Flexion with PPT,/exercise/141
Hip Flexor Stretch,/exercise/142
Hip Flexors and Lateral Line Stretch,/exercise/710
Hip Hike (Resistance Band),/exercise/604
Hip Hinge,/exercise/439
Hip Hitch,/exercise/801
Hip Hitch (Stability Ball),/exercise/810
"Hip Horizontal Abduction, CKC, Variation (Bodyweight)",/exercise/430
Hip Thrust (Barbell),/exercise/143
Hip Thrust (Bodyweight),/exercise/1195
Hip Thrust (Double Banded),/exercise/1146
Hip Thrust (Dumbbell),/exercise/1210
Hip Thrust (Machine),/exercise/1255
Hip Thrust (Medicine Ball),/exercise/558
Hip Thrust (Mini Band),/exercise/1144
Hip Thrust (Resistance Band and Barbell),/exercise/1143
Hip Thrust (Resistance Band),/exercise/1145
Hip Thrust (Sandbag),/exercise/915
Hollow Body Flutter Kicks,/exercise/1316
Hollow Body Flutter Kicks (BOSU),/exercise/1415
Hollow Body Hold,/exercise/821
Hollow Rock,/exercise/822
Horizontal T- Bar Rows,/exercise/364
Hundred with Straight Legs (Bodyweight),/exercise/458
Hurdle Hop with Bounce,/exercise/748
Hurdle Jump and Stick,/exercise/746
I Shoulder Fly (Straps),/exercise/144
Ice Cream Maker (Bodyweight),/exercise/669
Ilio-psoas Stretch,/exercise/145
Incline Bench (Cable Fly),/exercise/1179
Incline Bench Press (Barbell),/exercise/311
Incline Bench Press (Dumbbells),/exercise/146
Incline Bench Press (Smith Machine),/exercise/1481
Incline Bench Tricep Push-down,/exercise/840
Incline Biceps Curls (Dumbbell),/exercise/147
Incline Chest Press (Machine),/exercise/1283
Incline Chest Press (Resistance Band),/exercise/151
Incline Plank with Hip Flexion (Stability Ball),/exercise/651
Incline Shoulder Press (Smith Machine),/exercise/1452
Infraspinatus Stretch,/exercise/152
Inside Grip Chest Press (Straps),/exercise/58
Interval Pull-up,/exercise/1023
Inverted Deadlift,/exercise/1371
Inverted Row (Bar),/exercise/266
Inverted Row (Bar) - Advanced Variation,/exercise/1392
Inverted Row (Ring),/exercise/267
"Inverted Row, L-Tuck",/exercise/1370
ITB Release (Foam Roller),/exercise/686
Jack Knife Crunch,/exercise/769
Jack Knife Sit-up,/exercise/1328
Jump (Rope),/exercise/727
Jump Lunge (Dumbbell),/exercise/1035
Jump Swing (Kettlebell),/exercise/680
Jumping Chair Push-up,/exercise/248
Jumping Jacks,/exercise/1364
Jumping Muscle-up,/exercise/1321
Jumping Pull-up (Bodyweight),/exercise/455
Jumping Push-up,/exercise/531
Kang Squat (Barbell),/exercise/1018
Kipping,/exercise/154
Kipping Handstand Push-up,/exercise/1280
Kipping Handstand Push-up (Parallettes),/exercise/1376
Kipping Muscle-up,/exercise/1269
Kipping Pull-up,/exercise/155
Kipping Pull-up Chest to Bar,/exercise/1379
Knee Elevated Pike Push-up,/exercise/1369
Knee Push-up (Bodyweight),/exercise/156
Knee To Wall Ankle Mobility Drill,/exercise/887
Kneeling Crunch (Cable),/exercise/1459
Kneeling Lateral Spinal Flexion (Resistance Band),/exercise/1416
Kneeling Oblique Rollout (Straps),/exercise/160
Kneeling Preacher Triceps Extension,/exercise/161
Kneeling Rollout (Straps),/exercise/162
Kneeling Side Plank with Hip Abduction,/exercise/1149
Kneeling Side Plank with Hip Abduction (Resistance Band),/exercise/1150
Kneeling Squat (Barbell),/exercise/442
Kneeling Squat (Dumbbell),/exercise/443
Kneeling Triceps Extension (Head Below Bench),/exercise/878
Kneeling Triceps Extension (Head to Bench),/exercise/880
Kneeling Triceps Extension (Sofa),/exercise/886
Kneeling Triceps Extension (Stability Ball),/exercise/777
Kneeling Triceps Extensions,/exercise/989
Knees to Elbows,/exercise/163
L-Sit (Bodyweight),/exercise/1249
L-Sit (Parallettes),/exercise/1248
L-Sit (Rings),/exercise/1220
L-Sit Back to Wall (Bodyweight),/exercise/1381
L-Sit Pull-up (Bodyweight),/exercise/655
L-Sit to Tuck L-Sit,/exercise/1356
L-Sit to Tuck L-Sit (Parallettes),/exercise/1319
Landmine Goblet Squat,/exercise/756
Landmine Reverse Lunge,/exercise/757
Landmine Reverse Lunge to Press,/exercise/760
Landmine shoulder press,/exercise/754
Landmine Squat,/exercise/1204
Landmine Squat Jumps,/exercise/767
Landmine Squat to Press,/exercise/761
Landmine Squat to Rotational Press,/exercise/766
Landmine Twist,/exercise/758
Lat Pull-down (Machine),/exercise/164
Lat Pull-down (Resistance Band),/exercise/969
Lateral Banded Hip Distraction,/exercise/890
Lateral Bound and Stick,/exercise/749
Lateral Bridge (Bodyweight),/exercise/226
Lateral Drag (Sandbag),/exercise/938
Lateral Hurdle Jumps,/exercise/744
Lateral Jumps (Sandbag),/exercise/919
Lateral Lunge (Barbell),/exercise/906
Lateral Lunge (Bodyweight),/exercise/904
Lateral Monkey Walk,/exercise/1334
Lateral Raise (Machine),/exercise/168
Lateral Raise One-leg (Resistance Band),/exercise/170
Lateral Raises (Cable),/exercise/171
Lateral Raises (Dumbbell),/exercise/172
Lateral Raises (Resistance Band),/exercise/173
Lateral Raises Scapular Plane,/exercise/174
Lateral Split Squat,/exercise/907
Lateral Split Squat (Barbell),/exercise/926
Lateral Step Down,/exercise/1053
Lateral Step-up,/exercise/1154
Lateral Walk (Resistance Band),/exercise/1133
Leaning Lateral Raise (Cable),/exercise/1440
Leg - Hip Raise (Bodyweight),/exercise/177
Leg Curl (Hanging Between Bars),/exercise/178
"Leg Curl, Bird Dog (Cable / Resistance Band)",/exercise/574
"Leg Curl, Prone (Machine)",/exercise/198
Leg Extension (Machine),/exercise/179
Leg Raises Plank,/exercise/784
Leg Tuck (LTK),/exercise/841
Levator Scapula and Neck Extensors Stretch,/exercise/184
Locust Pose (Salabhasana),/exercise/1031
Low And High Hurdle Jump,/exercise/741
Low Hurdle Jump,/exercise/733
Low Sled Push,/exercise/1241
Lower Trapezius Stretch,/exercise/188
Lunge (Perpendicular Band),/exercise/653
Lunge (Straps),/exercise/189
Lunge and Hop (Strap),/exercise/357
Lunge and Press (Kettlebell),/exercise/473
Lunge Overhead (Barbell),/exercise/490
"Lunge Stance, Biceps Curls (Resistance Band)",/exercise/447
Lunge with Hip Rotation (Sandbag),/exercise/902
Lying Biceps Curls (Low Pulley),/exercise/39
Lying Calf Raises (Machine),/exercise/196
Lying Chest Press (Machine),/exercise/1423
Lying Close Grip Lat Pulldown (Resistance Band),/exercise/197
Lying Hip Abduction (Resistance Band),/exercise/119
"Lying Hip Flexion (Cable, Resistance Band)",/exercise/577
Lying Hip Flexion with Bridge (Cable),/exercise/1180
Lying Jacks,/exercise/1134
Lying Lateral Flexion (Side Bends),/exercise/773
Lying Lateral Raise (Dumbbell),/exercise/169
Lying Leg Press (Machine),/exercise/181
Lying Pullover (Resistance Band),/exercise/200
Lying Row (Barbell),/exercise/31
Lying Scapular Protraction (Dumbbell),/exercise/1382
Lying Side Leg Raises,/exercise/201
Lying Triceps Extension,/exercise/970
Lying Triceps Extension (Barbell),/exercise/380
Lying Triceps Extension (Dumbbell),/exercise/381
Lying Triceps Extension (Resistance Band),/exercise/382
Mobility Plank,/exercise/895
Mobility Svanasana Dog,/exercise/899
Mobility Svanasana Dog with Spinal Rotation,/exercise/900
Monster Walk (Resistance Band),/exercise/1138
Mountain Climbers,/exercise/813
Mountain Climbers (Parallettes),/exercise/982
Muscle-up,/exercise/466
Muscle-up (Rings),/exercise/1226
Narrow Grip Push-up (Parallettes),/exercise/978
Narrow Stance Split Squat,/exercise/1294
Neck Extensors Stretch,/exercise/202
Neck Flexion (Bodyweight),/exercise/203
Neck Flexion (Cable),/exercise/204
Neck Flexor Stretch,/exercise/205
Neck Flexors and Lateral Flexors Stretch,/exercise/206
Neck Lateral Flexion,/exercise/207
Neck Lateral Flexors Stretch,/exercise/208
Neck Rotation (Cable),/exercise/209
Nordic Hamstring Curls,/exercise/660
Oblique Crunch (Straps),/exercise/210
Oblique Crunches (Bodyweight),/exercise/211
Oblique Crunches (Weight),/exercise/212
Oblique Crunches with Hip Flexion (Cable),/exercise/1176
One and a Quarter Air Squat,/exercise/1029
One and a Quarter Back Squat,/exercise/955
One and a Quarter Front Squat,/exercise/959
One and a Quarter Goblet Squat,/exercise/956
One and a Quarter Overhead Squat,/exercise/957
One Leg Front Lever,/exercise/1216
One-arm (Sandbag Row),/exercise/916
One-arm Chest Fly (Cable),/exercise/48
One-arm Chest Fly (Resistance band),/exercise/332
One-arm Chest Fly with Rotation (Cable),/exercise/639
One-arm Chest Press with Rotational Lunge (Cable),/exercise/654
One-arm Clean (Kettlebell),/exercise/494
One-arm Clean and Jerk (Kettlebell),/exercise/468
One-arm Flys (Cable / Resistance Band),/exercise/260
One-arm Landmine Row,/exercise/762
One-arm Landmine Shoulder Press,/exercise/755
One-arm Preacher Curls (Dumbbell),/exercise/215
One-arm Push and Jerk (Kettlebell),/exercise/496
One-arm Push Press (Kettlebell),/exercise/495
"One-arm Push-down (Cable, Supinated Grip)",/exercise/753
One-arm Release Pull-up,/exercise/1021
One-arm Shoulder Press (Cable),/exercise/560
One-arm Swing (Kettlebell),/exercise/461
One-arm Upper Chest Fly (Cable / Resistance Band),/exercise/628
One-leg Back Lever,/exercise/846
One-leg Kneeling Hip Flexor Stretch,/exercise/217
One-leg Push-up,/exercise/775
One-leg Standing Quadriceps and Hip Flexor Stretch,/exercise/218
Overhead and Front Rack Carry (Kettlebell),/exercise/1240
Overhead Carry (Double Kettlebell),/exercise/1233
Overhead Chop (Training Bar),/exercise/544
Overhead Lunge (Plate),/exercise/491
Overhead Lunge (Sandbag),/exercise/924
Overhead Reach (Medicine Ball),/exercise/652
Overhead Shoulder Warm Up (Resistance Band),/exercise/1411
Overhead Shrug (Plate),/exercise/1389
Overhead Slam (Medicine Ball),/exercise/507
Overhead Squat (Barbell),/exercise/327
Overhead Squat (Dumbbell),/exercise/612
Overhead Squat (Sandbag),/exercise/928
Overhead Swing (Kettlebell),/exercise/487
Overhead Triceps Extensions,/exercise/752
Parallel Box Pistol Squat,/exercise/1385
Parallel Close Grip Lat Pull-down (Cable),/exercise/167
Parallel Front Squat (Barbell),/exercise/219
Parallel Squat (Barbell),/exercise/317
Pec Deck Fly (Machine),/exercise/221
Pectoralis and Anterior Deltoid Stretch,/exercise/222
Pectoralis Major Release (Ball),/exercise/1286
Pectoralis Minor Release (Ball),/exercise/1287
Pectoralis Stretch and Thoracic Mobility,/exercise/712
"Pectoralis, Biceps Brachii and Anterior Deltoid Stretch",/exercise/224
Pelvic Horizontal Rotation (Resistance Band),/exercise/1027
Pelvic Rotation (Cable),/exercise/524
Pelvic Tilt,/exercise/771
Peroneals stretch (Evertors),/exercise/228
Pike Push-up,/exercise/997
Pike Push-ups (Parallettes),/exercise/976
Piriformis Release,/exercise/1323
"Piriformis, Gluteus Maximus and Hip Medial Rotators Stretch",/exercise/230
Pistol Squat (Bodyweight),/exercise/627
Planche Lean,/exercise/1324
Planche Lean (Parallettes),/exercise/985
Plank,/exercise/232
Plank (Stability Ball),/exercise/637
Plank with Alternating Hand Raises,/exercise/668
Plank with Alternating Shoulder Taps,/exercise/1346
Plank with Knee Extension (Stability Ball),/exercise/658
Plantar Fascia Release (Ball),/exercise/1297
Plate Ground to Overhead,/exercise/1417
Pogo Jumps,/exercise/726
Pogo Jumps to a Tuck Jump,/exercise/725
Posterior Band Distraction,/exercise/891
Power Clean,/exercise/935
Power Clean and Press (Sandbag),/exercise/934
Power Slam (Battle Rope),/exercise/791
Power Snatch,/exercise/1212
Power Snatch (Dumbbell),/exercise/808
Preacher Biceps Curls (Machine),/exercise/234
Preacher Curls (Barbell),/exercise/235
Preacher Triceps Extension (Machine),/exercise/1471
Pressing the Big Toe Against the Floor,/exercise/701
Prisoner Kang Squat (Bodyweight),/exercise/1017
Prone Elbows Plank (Straps),/exercise/237
Prone Flutter Kicks (Cactus Arm Position),/exercise/1480
Prone Flutter Kicks (Hands Under Head),/exercise/1479
Prone Leg Curl (Stability Ball),/exercise/659
Prone Posterior Pelvic Tilt,/exercise/647
Prone PPT with Spinal Flexion,/exercise/649
Prone Quad Stretch,/exercise/252
Prone Shoulder Press (Stability Ball),/exercise/770
Prone Triceps Extension,/exercise/990
Prone Triceps Extensions (Parallettes),/exercise/993
Pseudo Planche Push-up,/exercise/847
Pull-up (Bodyweight),/exercise/244
Pull-up (Resistance Band),/exercise/454
Pull-up with Knee Raise,/exercise/656
Pull-up with Legs Help (Bodyweight),/exercise/63
Pull-ups with Static Raised Knees,/exercise/1256
Pullover (Barbell),/exercise/241
Pullover (Dumbbell),/exercise/242
Pullover (Machine),/exercise/243
Push and Jerk (Kettlebell),/exercise/1209
Push Press (Barbell),/exercise/944
Push Press (Dumbbell),/exercise/945
Push Press (Kettlebell),/exercise/946
"Push-up (Bar, Bodyweight)",/exercise/249
Push-up (Bodyweight),/exercise/246
Push-up (BOSU Dome Down),/exercise/828
Push-up (Medicine Ball),/exercise/552
Push-up (Parallettes),/exercise/977
Push-up (Resistance Band),/exercise/261
Push-up (Straps),/exercise/346
Push-up and Hip Abduction (Bodyweight),/exercise/528
Push-up Lock-off (BOSU Dome Up),/exercise/873
Push-up Lock-Off (Medicine Ball),/exercise/550
Push-up Rolling Ball (Medicine Ball),/exercise/553
Push-up Row,/exercise/532
Push-up Squat Throw (Medicine Ball),/exercise/508
Push-up to Side Bridge,/exercise/529
Push-up to Side Plank,/exercise/436
Push-up with Shoulder Abduction (Dumbbell),/exercise/530
Push-Up with Shoulder Horizontal Abduction,/exercise/533
Push-up with Spinal Flexion,/exercise/776
Quadriceps and Ilio-psoas Stretch,/exercise/251
Quadriceps and Ilio-psoas Stretch in the Lunge Position,/exercise/254
Quadriceps and Ilio-psoas Stretch while Sitting,/exercise/253
Quadriceps and ITB Release (Foam Roller),/exercise/685
Quadriceps Longitudinal Release (Foam Roller),/exercise/683
Quadriceps Release (Foam Roller),/exercise/684
Quadruped Plank,/exercise/1335
Quadruped Reach Through,/exercise/1336
Rack Pulls,/exercise/1257
Reach Roll and Lift,/exercise/1342
Reaching Lunge,/exercise/1198
Reaching Lunge (Fitskate),/exercise/634
Rear / Reverse Lunges (Barbell),/exercise/1194
Rear Delt High Row (Cable),/exercise/1182
Rear Delt High Row (Machine),/exercise/256
Rear Delt High Row (Rings),/exercise/1225
Rear Delt Row Incline Bench (Dumbbell),/exercise/1446
Rear Lunge,/exercise/191
Rear Lunge (Dumbbell),/exercise/192
Rear Lunges (Resistance Band),/exercise/257
Rear Row (Bar) - Advanced Variation,/exercise/1396
Rear Row (Bodyweight),/exercise/258
Rear Row Fly,/exercise/259
Rebounding Jumps (Box),/exercise/721
Renegade Row (Kettlebell),/exercise/465
Reverse Crunch,/exercise/854
Reverse Crunch (Bodyweight),/exercise/262
Reverse Crunch (Stability Ball),/exercise/646
Reverse Curl (Barbell),/exercise/966
Reverse Elbow Plank,/exercise/1002
Reverse Fly (Machine),/exercise/1270
Reverse Fly (Straps),/exercise/363
"Reverse Fly, Low (Straps)",/exercise/187
Reverse Flys (Cable),/exercise/263
Reverse Flys (Resistance Band),/exercise/264
Reverse Frog Hypers,/exercise/1135
Reverse Grip Lat Pull-down (Cable),/exercise/165
Reverse Hip and Lumbar Extension,/exercise/1004
Reverse Hip Extension,/exercise/1005
Reverse Lunge (BOSU Dome Up),/exercise/872
Reverse Lunge (Sandbag),/exercise/923
Reverse Lunge Thruster (Barbell),/exercise/1213
Reverse Lunge Thruster (Dumbbell),/exercise/673
Reverse Lunge with Rotation,/exercise/195
Reverse Lunges with Medial Band Pull (Dumbbells),/exercise/1390
Reverse Lunges with Medial Band Pull (RNT),/exercise/1341
Reverse Nordic Curl,/exercise/1141
Reverse Plank,/exercise/1003
Reverse Plank to Seated Pike,/exercise/1343
Reverse Rotational Lunge & Knee-up,/exercise/1391
Reverse Scoop Throw (Medicine Ball),/exercise/506
Reverse Stepping Chop (Training Bar),/exercise/547
Reverse Zercher Lunge (Barbell),/exercise/1421
Rod Plank (Straps),/exercise/239
Roll Back Throw (Medicine Ball),/exercise/509
Roll-up,/exercise/629
Rolling Pistol Squat (Bodyweight),/exercise/1344
Rollout (Ab Wheel),/exercise/631
Rollout (Stability Ball),/exercise/636
Romanian Deadlift (Barbell),/exercise/437
Romanian Deadlift (Kettlebell),/exercise/484
Romanian Deadlift (Mini-Band),/exercise/1152
Rotational Lunge (Dumbbell),/exercise/535
Rotational Lunge (Medicine Ball),/exercise/536
Rotational Squat (Medicine Ball),/exercise/511
Rotational Throw (Medicine Ball),/exercise/512
Rotational Throw Side to Side (Medicine Ball),/exercise/640
Rotator Cuff Training with Mike Boyle,/exercise/620
Row (T Bar),/exercise/365
Row with Rotation (Cable),/exercise/568
Rowing Machine,/exercise/1424
Russian Twist,/exercise/1345
Sage Twist (Marichyasana),/exercise/16
Salmon Ladder,/exercise/696
Sandball Carry,/exercise/1258
Scapular Protraction (Bodyweight),/exercise/409
Scapular Pull-up (Bodyweight),/exercise/457
Scapular Push-up on Elbows,/exercise/1016
Scapular Retraction (Cable),/exercise/1469
Scissors (BOSU Dome Up),/exercise/874
Seated Adductors and Hamstrings Stretch,/exercise/269
Seated Adductors Hamstrings & Latissimus Stretches,/exercise/419
Seated Cable Row (Machine),/exercise/272
Seated Calf Press (Machine),/exercise/947
Seated Calf Raise (Bar),/exercise/619
Seated Crunches (Machine),/exercise/273
Seated Hip Abduction (Machine),/exercise/120
Seated Hip Adductions (Machine),/exercise/276
Seated Hip Internal Rotation (Cable),/exercise/843
Seated Leg Curl (Machine),/exercise/278
Seated Leg Lift in Pike,/exercise/984
Seated Leg Press (Machine),/exercise/182
Seated One-arm Concentration Curl (Cable),/exercise/1168
Seated Overhead Tricep Extension (Barbell),/exercise/1434
Seated Overhead Tricep Extension (Dumbbell),/exercise/1435
Seated Plate Overhead Tricep Extension,/exercise/1015
Seated Row (Machine),/exercise/281
Seated Row (Resistance Band),/exercise/282
Seated Shoulder Press (Barbell),/exercise/459
Seated Shoulder Press (Smith Machine),/exercise/1453
Seated Shoulder Press Close Grip (Machine),/exercise/1161
Seated Z Press (Dumbbell),/exercise/586
Self Resistance Leg Curl,/exercise/716
Shoulder External Rotation (Cable),/exercise/284
Shoulder External Rotation (Dumbbell),/exercise/559
Shoulder External Rotation (Mini Band),/exercise/1290
Shoulder Front Raises (Resistance Band),/exercise/285
Shoulder Internal Rotation (Cable),/exercise/287
Shoulder Mobility with External Rotation (Mini Band and Foam Roller),/exercise/1288
"Shoulder Oblique Raise, Y Lift (Resistance Band)",/exercise/290
Shoulder Press (Dumbbell),/exercise/295
Shoulder Press (Machine),/exercise/296
Shoulder Press (Resistance Band),/exercise/297
Shoulder Rotations Warmup,/exercise/1352
Shoulder to Shoulder Thruster (Sandbag),/exercise/940
Shouldering (Sandbag),/exercise/942
Shrimp Squat,/exercise/1291
Shrimp Squat (Foot to Floor),/exercise/1292
Shrimp Squat (Heel Up),/exercise/1293
Side Bend (Dumbbell/Kettlebell),/exercise/1271
Side Bends (Barbell),/exercise/300
Side Bends (Roman Chair),/exercise/301
Side Bent Hip Abduction (Bodyweight),/exercise/121
Side Bridge (BOSU Dome Up),/exercise/1333
Side Bridge (Straps),/exercise/537
Side Bridge and Lateral Raise,/exercise/538
Side Bridge with Shoulder and Hip Abduction (Stability Ball),/exercise/663
Side Flexion Lat Stretch,/exercise/420
Side Kicks (Cable / Resistance Band),/exercise/573
Side Lunge (Bodyweight),/exercise/193
Side Lunge (Kettlebell),/exercise/894
Side Lunge Stretch - PNF Strategies for Hip Impingement,/exercise/852
Side Lunge with Emphasis on Hip Adduction,/exercise/705
Side Lunge with Sumo Squat (Bodyweight),/exercise/698
Side Plank,/exercise/302
Side Plank (BOSU Dome Up),/exercise/832
Side Plank Clamshell,/exercise/1272
Side Raises (Stability Ball),/exercise/650
Side Squat (Skate),/exercise/1052
Side Squat with Hip Adduction (Skate),/exercise/1034
Side Squat with Hip Adduction (Slider),/exercise/1051
Side Squat with Lateral Raise (Dumbbell),/exercise/644
Side Star Plank,/exercise/1347
Side Step Plank,/exercise/783
Side to Side Burpee - 2 Jumps,/exercise/1274
Side to Side Burpee Jump,/exercise/1273
Side to Side Pull-up (Bodyweight),/exercise/678
Side to Side Waves (Battle Ropes),/exercise/790
Side-lying Clam,/exercise/864
Side-lying Clam (Resistance Band),/exercise/617
Side-lying Crunches,/exercise/1322
Side-lying Hip Abduction (Bodyweight),/exercise/122
Side-lying Hip Abduction (Resistance Band),/exercise/1156
Side-lying Hip Abduction (Stability Ball),/exercise/1047
Side-lying Lateral Raise Incline Bench (Dumbbell),/exercise/1439
Side-lying Shoulder External Rotation (Dumbbell),/exercise/283
Side-lying Toe Touch,/exercise/1326
Single Arm Overhead Reverse Lunge (Kettlebell),/exercise/1207
Single Arm Overhead Swing (Kettlebell),/exercise/1203
Single Leg Back & Hip Extension (GHD Machine),/exercise/1405
Single Leg Chair Squat (Bodyweight),/exercise/1339
Single Leg Extension (Straps),/exercise/180
Single Shoulder Loaded Squat Sandbag,/exercise/929
Single Stiff-leg Deadlift (Bodyweight),/exercise/433
Single Stiff-leg Deadlift (Kettlebell),/exercise/462
Single Stiff-leg Deadlift with Opposite Arm (Dumbbell),/exercise/429
Single Stiff-leg Deadlift with Opposite Arm (Kettlebell),/exercise/483
Single Stiff-leg Deadlift with Pelvic Rotation (Dumbbell),/exercise/431
Single-arm Arnold Press (Kettlebell),/exercise/1013
Single-arm Bent-over Row (Sandbag),/exercise/937
Single-arm Biceps Curl (Straps),/exercise/305
Single-arm Biceps Curls (Low Pulley),/exercise/1162
Single-arm Chest Press (Cable),/exercise/554
Single-arm Chest Press (Dumbbell),/exercise/1275
Single-arm Chest Press with Spinal Rotation (Cable),/exercise/1177
Single-arm Eccentric Pull-up,/exercise/1024
Single-arm Farmer's Carry,/exercise/848
Single-arm Front Rack Carry (Kettlebell),/exercise/1242
Single-arm Hang Power Snatch (Dumbbell),/exercise/807
Single-arm Hang Snatch (Dumbbell),/exercise/814
Single-arm Inverted Row with Bent Knees (Bar),/exercise/1393
Single-arm Inverted Row with Bent Knees (Rings),/exercise/1398
Single-arm Inverted Row with Straight Legs (Bar),/exercise/1394
Single-Arm Lat Pull-down (Plate-loaded),/exercise/1468
Single-arm Lat Pull-down (Resistance Band),/exercise/971
Single-Arm Lateral Raise (Cable),/exercise/214
Single-arm Overhead Carry (Olympic Plate),/exercise/1289
Single-arm Overhead Rack Carry (Kettlebell),/exercise/1243
Single-arm Overhead Tricep Extensions (Low Cable),/exercise/385
Single-arm Push-up (BOSU Dome Up),/exercise/875
Single-arm Row (Straps),/exercise/306
Single-arm Row on Bench (Dumbbell),/exercise/83
Single-arm Row on Bench (Resistance Band),/exercise/303
Single-arm Shoulder Press (Kettlebell),/exercise/467
Single-arm Snatch / Full Snatch (Dumbbell),/exercise/809
Single-leg and Single-arm Plank (Straps),/exercise/236
Single-leg Biceps Curl (Stability Ball),/exercise/780
Single-leg Bounce (Hurdle),/exercise/747
Single-leg Bridge (Resistance Band),/exercise/708
Single-leg Bridge (Sandbag),/exercise/918
Single-leg Bridge with Hip Abduction (Resistance Band),/exercise/1042
Single-leg Deadlift,/exercise/715
Single-leg Dragon Flag,/exercise/824
Single-leg Dynamic Front Lever,/exercise/1383
Single-Leg Glute Bridge,/exercise/616
Single-leg Glute Bridge (BOSU Dome Up),/exercise/833
Single-leg Glute Bridge with Hip Flexion,/exercise/779
Single-leg Good Morning (Barbell) ‎,/exercise/1373
Single-leg Good Morning (Sandbag),/exercise/910
Single-leg Hang Power Clean,/exercise/714
Single-leg Hip Hinge (Bodyweight),/exercise/786
Single-leg Hip Thrust,/exercise/1196
Single-leg Jump (Hurdle),/exercise/735
Single-leg Jump (Rope),/exercise/728
Single-leg L-Sit (Parallettes),/exercise/972
Single-leg Landmine RDL,/exercise/765
Single-leg Lateral Raise (Resistance Band),/exercise/667
Single-leg Plank (Straps),/exercise/240
Single-leg Rebounding Jumps (Box),/exercise/743
Single-leg Romanian Deadlift (Dumbbell),/exercise/428
Single-leg Rotational Squat,/exercise/1155
Single-leg Rotational Squat (Resistance Band),/exercise/709
Single-leg Side Squat (Bodyweight),/exercise/869
Single-leg Side Squat (Slider),/exercise/868
Single-leg Side Squat (Straps),/exercise/344
Single-leg Squat (Straps),/exercise/307
Single-leg Squat and Hop (Straps),/exercise/304
Single-leg Stair Hop,/exercise/732
Single-leg Standing Calf Raises (Bodyweight),/exercise/329
Single-leg Supine Slider Runners,/exercise/1353
Sit-up,/exercise/308
Sit-up and Spinal Roll (Dumbbell),/exercise/1367
Sit-up Overhead Wall Throw (Medicine Ball),/exercise/1399
Sit-up Wall Throw (Medicine Ball),/exercise/815
Skater Squat (Dumbbell),/exercise/719
Ski Machine,/exercise/1474
Ski Step (Battle Rope),/exercise/792
Sled Pulls (Rope),/exercise/1245
Sled Push,/exercise/1244
Sled Row,/exercise/1246
Slider Lunge,/exercise/855
Slider Lunge with Overhead Press,/exercise/863
Slider Pike,/exercise/857
Slider Pike to Push-up,/exercise/858
Sliding Leg Curls,/exercise/860
Sliding Mountain Climbers,/exercise/856
Sliding Plank,/exercise/882
Snatch,/exercise/449
Spider Curl (EZ bar),/exercise/1444
Spinal Extension (Resistance Band),/exercise/313
Spinal Rotation (Stability Ball),/exercise/772
Spinning Bike,/exercise/1475
Split Jerk (Barbell),/exercise/1477
Split Jumps,/exercise/736
Split Jumps with Twist (Medicine Ball),/exercise/737
Split Squat (Barbell),/exercise/932
Split Squat (Bodyweight),/exercise/931
Split Stance Squat (Smith machine),/exercise/190
Split-Stance Good Morning (Barbell),/exercise/1206
Split-Stance Good Morning (Kettlebell),/exercise/489
Split-stance Romanian Deadlift (Dumbbell),/exercise/432
Splitter Chop (Training Bar),/exercise/548
Sprint - Drag - Carry (SDC),/exercise/914
Sprinter Sit-up,/exercise/1348
Sprinter Step-up Jump,/exercise/723
Squat (Bodyweight),/exercise/318
Squat (BOSU Dome Down),/exercise/829
Squat (Dumbbell),/exercise/319
Squat (Mini Band),/exercise/1158
Squat (Smith Machine),/exercise/320
Squat (Straps),/exercise/321
Squat and Calf Raise (Barbell),/exercise/325
Squat Jump (Barbell),/exercise/326
Squat Jump and Tuck Jump,/exercise/738
Squat Lateral Distracted (Resistance Band),/exercise/892
Squat Toss (Medicine Ball),/exercise/557
Squat with Rotational Force,/exercise/645
Squat with Upright Rows (Sandbag),/exercise/1259
Staggered - Stance Incline Chest Throw (Medicine Ball),/exercise/514
Stair Jump,/exercise/731
Standing Biceps Curls (Resistance Band),/exercise/331
Standing Broad Jump,/exercise/729
Standing Broad Jump Into Squat Jump,/exercise/730
Standing Calf Raises (Smith Machine),/exercise/330
Standing Chest Press (Cable),/exercise/555
Standing Cross Cable Fly Press (Cable Machine),/exercise/1436
Standing Diagonal Lifting (Resistance Band Bar),/exercise/1260
Standing Front Raise (Barbell),/exercise/1456
Standing Glute Kickback (Machine),/exercise/1470
Standing Glute Stretch,/exercise/231
Standing Hip Abduction (Cable),/exercise/123
Standing Hip Abduction (Machine),/exercise/124
Standing Hip Abduction (Mini Band),/exercise/1261
Standing Hip Abduction (Resistance Band),/exercise/125
Standing Hip Abduction (Stability Ball),/exercise/1046
Standing Hip Abductions (Mini Band),/exercise/1139
Standing Hip Adduction (Resistance Band),/exercise/734
Standing Hip Adductions (Cable),/exercise/333
Standing Hip Adductions (Machine),/exercise/334
Standing Hip Extension (Cable),/exercise/133
Standing Hip Extension(Resistance Band),/exercise/139
Standing Hip Flexion (Cable),/exercise/1178
Standing Leg Curl,/exercise/751
Standing Low to High Fly (Cable),/exercise/1458
Standing Overhead Side Stretch,/exercise/421
Standing Power Throw (SPT),/exercise/912
Standing Rollout (Straps),/exercise/337
Standing Shoulder Oblique Raise (Resistance Band / Cable),/exercise/291
Standing Shoulder Press (Barbell),/exercise/293
Standing Shoulder Press (Cable),/exercise/1190
Standing Shrugs (Barbell),/exercise/338
Standing Shrugs (Cable),/exercise/339
Standing Shrugs (Dumbbell),/exercise/340
Standing Shrugs (Resistance Band),/exercise/341
Standing Triceps Extension (Head to Bar),/exercise/1262
Static Squat,/exercise/1349
Static Wall Squat (Kettlebell),/exercise/1406
Step and Overhead Throw (Medicine Ball),/exercise/556
Step Forward Lunge (Bodyweight),/exercise/194
Step Forward Lunge (Sandbag),/exercise/920
Step Side Lunge (Straps),/exercise/345
Step-up (Barbell),/exercise/1276
Step-up (Bodyweight),/exercise/342
Step-up (Sandbag),/exercise/921
Step-up Jumps,/exercise/722
Stiff Single-leg Deadlift and Swap,/exercise/958
Stiff-leg Deadlift (Trap Bar),/exercise/1041
Stiff-Leg Pull Through (Band),/exercise/1374
Stiff-Leg Pull Through (Cable),/exercise/1460
Straddle Back Lever,/exercise/849
Straddle Dragon Flag,/exercise/819
Straddle Front Lever,/exercise/1214
Straddle Planche,/exercise/1350
Straddle Sit (Parallettes),/exercise/986
Straight Arm Frog Stand,/exercise/1038
Straight Arm Lat Pull-down (Cable),/exercise/166
Straight Arm Lat Pull-down (Resistance Band),/exercise/445
Straight Arm Pull-up,/exercise/1407
Straight Bar Dips,/exercise/480
Straight Leg Bear Walk,/exercise/1351
Straight Legs Abdominal Crunches,/exercise/1247
Stretches for the Latissimus Dorsi,/exercise/175
Strict Toes to Bar,/exercise/373
Sumo Deadlift,/exercise/768
Sumo Deadlift High Pull (Barbell),/exercise/1408
Sumo Deadlift High Pull (Sandbag),/exercise/939
Superman Arch Up,/exercise/1301
Superman Hold (Arch Hold),/exercise/1300
Superman Hold (I Variation),/exercise/1302
Superman Hold (T Variation),/exercise/1303
Superman Hold (W Variation),/exercise/1304
Supinated Front Raise (Cable),/exercise/1457
Supinated Grip Lat Pull-down (Plate-loaded),/exercise/1467
Supinated Pull-up (Bodyweight),/exercise/679
Supinated Seated (Cable Row),/exercise/1183
Supine Bent-leg Raise,/exercise/850
Supine Bicycles,/exercise/411
Supine Elbows Plank (Straps),/exercise/348
Supine Front Raise (Stability Ball),/exercise/666
Supine Leg Lowering,/exercise/412
Supine Posterior Pelvic Tilt,/exercise/1044
Supine Push-up,/exercise/1409
Supine Slider Runners,/exercise/861
Supine Slider Runners (Variation),/exercise/862
Supine Spinal Rotation,/exercise/785
Supine Suspended Leg Curl (Straps),/exercise/352
Suspended Abducted Lunge (Straps),/exercise/349
Suspended Atomic Push-up (Straps),/exercise/350
Suspended Crossing Lunge (Straps),/exercise/351
Suspended Crunch,/exercise/539
Suspended Glute Bridge (straps),/exercise/353
Suspended Hamstring Curl (Straps),/exercise/622
Suspended Incline Press (Leg Down),/exercise/355
Suspended Incline Press (Straps),/exercise/354
Suspended Oblique Atomic Close Grip Push-up,/exercise/358
Suspended Pike (Straps),/exercise/540
Suspended Prone Plank Oblique (Straps),/exercise/359
Suspended Push-up,/exercise/360
Swing (Kettlebell),/exercise/362
Swing (Rings),/exercise/1282
Swing and Rear Lunge (Kettlebell),/exercise/472
"Swing Clean and Push-Press, HS (Kettlebell)",/exercise/501
Swing Jump,/exercise/1208
Swing Pull (Rings),/exercise/1281
Swing Squat Style (Kettlebell),/exercise/469
Swing Switch (Kettlebell),/exercise/1202
Swing to Snatch (Kettlebell),/exercise/471
Switch Pull-up (Bodyweight),/exercise/681
Tall Kneeling Arnold Press (Dumbbell),/exercise/1011
Tall Kneeling Chop (Cable Bar),/exercise/562
"Tall Kneeling Chop, Spiral Line (Cable)",/exercise/583
Tall Kneeling Close Grip Shoulder Press,/exercise/1277
Tall Kneeling Shoulder Press,/exercise/1006
Tensor Fascia Latae (TFL) Stretch,/exercise/127
Tensor Fasciae Latae Release (Ball),/exercise/1355
The Spiral Line,/exercise/567
The Spiral Line and Diagonal / Spinal Patterns,/exercise/579
The Yoke Walk,/exercise/1263
Thomas Test Stretch (Foam Roller),/exercise/691
Thorax Extension (Bench),/exercise/369
Thorax Extension (Roman Chair),/exercise/370
Three Repetition Maximum Deadlift (MDL),/exercise/911
Thruster (Barbell),/exercise/371
"Thruster (BOSU DomeUp, Dumbbell)",/exercise/831
Thruster (Dumbbell),/exercise/372
Thruster (Resistance Band),/exercise/859
Thruster (Sandbag),/exercise/941
Tibialis Raise,/exercise/1278
Tiger Bend Narrow Grip Push-up,/exercise/991
Tiger Bend Narrow Grip Push-up (Parallettes),/exercise/994
Tiger Bend Standard Grip Push-up,/exercise/992
Tiger Bend Standard Grip Push-up (Parallettes),/exercise/995
Toe Flexion,/exercise/702
Toes to Bar (Straight Legs),/exercise/374
Trapezius Release,/exercise/1284
Triangle Pose,/exercise/128
Triceps Brachii Stretch,/exercise/376
Triceps Brachii Stretch - Using the Wall,/exercise/424
Triceps Dips,/exercise/62
Triceps Extension (Bodyweight),/exercise/996
Triceps Extension (Resistance Band),/exercise/379
Triceps Extension (Rings),/exercise/1223
Triceps Extension - Overhead (Dumbbell),/exercise/384
Triceps Extension - Overhead (High Cable),/exercise/383
Triceps Extension Head Below Bar (Bodyweight),/exercise/877
Triceps Extension Head Below Bench (Bodyweight),/exercise/879
Triceps Extension Head to Bench (Bodyweight),/exercise/881
"Triceps Kick Back, Advanced Variation",/exercise/387
Triceps Kick-back (Offset Stance),/exercise/386
Triceps Kick-back (Resistance Band),/exercise/389
Triceps Kickback (Cable),/exercise/446
Triceps Kickback (Dumbbell),/exercise/388
Triceps Press (Offset Stance),/exercise/391
Triceps Push-down (Cable),/exercise/392
Triceps Push-down (Machine),/exercise/393
Tripod Foot,/exercise/707
Trunk Horizontal Rotation Side to Side (Cable),/exercise/674
Trunk Horizontal Rotations (Resistance Band),/exercise/394
Tuck Dragon Flag,/exercise/818
Tuck Front Lever,/exercise/1215
Tuck L-Sit,/exercise/999
Tuck L-Sit (Parallettes),/exercise/973
Tuck L-Sit Back to Wall (Bodyweight),/exercise/1380
Tuck L-Sit to V-Sit (Parallettes),/exercise/1404
Tuck Planche Narrow Push-up,/exercise/883
Tuck Planche Push-up to Straddle Planche,/exercise/884
Tuck V-Sit Swing,/exercise/1372
Tucked Back Lever,/exercise/851
Tucked Planche,/exercise/1357
Tucked Planche (Parallettes),/exercise/981
Turkish Get-up (Kettlebell),/exercise/1298
Twisting Overhead Press (Cable),/exercise/839
Two Position Clean,/exercise/960
Typewriter Pull-up (Rings),/exercise/885
Typewriter Push-up (Bodyweight),/exercise/671
Typewriter Push-up (Parallettes),/exercise/980
Upper Trapezius Stretch,/exercise/395
Upright Row (Resistance Band),/exercise/396
Upright Rows (Barbell),/exercise/397
Upright Rows (Low Pulley),/exercise/398
Upright Shoulder External Rotation (Cable),/exercise/1165
Upward Bow Pose (Urdhva Dhanurasana),/exercise/713
Upward Facing Dog (Urdhava mukha svanasana),/exercise/1151
V-Sit (Parallettes),/exercise/1403
V-Sit Hold,/exercise/277
Vertical Hack Squat (Machine),/exercise/1448
Walk Out (Stability Ball),/exercise/802
Walk Out to Push-up (Stability Ball),/exercise/803
Walking Pull Back Butt Kicks,/exercise/1358
Walking Spiderman with Hip Lift and Overhead Reach,/exercise/1359
Wall Ball (Medicine Ball),/exercise/515
Wall Plank (Foam Roller),/exercise/1264
Wall Pseudo Planche Lean,/exercise/1361
Wall Squat with Shoulder Press (Stability Ball),/exercise/661
Wall Triceps Extension,/exercise/378
Wall Walk,/exercise/657
Warm-up Routine,/exercise/1279
Warrior Lunge Stretch,/exercise/689
Weighted Hollow Body Hold (Plate),/exercise/1366
Weighted Inverted Row (Bar),/exercise/1395
Weighted Inverted Row (Rings),/exercise/1412
Weighted Rear Row (Bar),/exercise/1397
Weighted Walking Lunge (Kettlebell),/exercise/492
Wide Grip Lat Pull-down (Cable),/exercise/1228
Wide Grip Lat Pull-down (Resistance Band),/exercise/400
Wide Stance Split Squat (Dumbbell),/exercise/1429
Wide Standing Squat (Barbell),/exercise/324
Wide-Stance Squat (Smith Machine),/exercise/401
Windmill (Kettlebell),/exercise/672
Windshield Wiper,/exercise/823
Wood Chop (Medicine Ball),/exercise/516
Wrist and Fingers Extensors Stretch,/exercise/402
Wrist Curl (Cable ),/exercise/838
Wrist Extension (Cable),/exercise/403
Wrist Extension (Dumbbell),/exercise/404
"Wrist Extension (High Pulley, Cable)",/exercise/452
"Wrist Extension (Low Pulley, Cable)",/exercise/453
Wrist Flexion (Cable),/exercise/1169
Wrist Flexion (Dumbbell),/exercise/405
Wrist Flexors Stretch,/exercise/406
Y Shoulder Fly (Straps),/exercise/407
Zercher Squat,/exercise/1014
